symbol,name,sector,market_cap_cr,source
STLTECH,Sterlite Technologies Ltd,Telecom Equipment,,Nifty Microcap 250 factsheet weights (via web search, Jun 2026)
MTARTECH,MTAR Technologies Ltd,Aerospace & Defence,,Nifty Microcap 250 factsheet weights (via web search, Jun 2026)
CUPID,Cupid Ltd,Healthcare - Consumables,,Nifty Microcap 250 factsheet weights (via web search, Jun 2026)
RUBICON,Rubicon Research Ltd,Pharmaceuticals,,Nifty Microcap 250 factsheet weights (via web search, Jun 2026)
TDPOWERSYS,TD Power Systems Ltd,Capital Goods - Electrical Equipment,,Nifty Microcap 250 factsheet weights (via web search, Jun 2026)
KIRLOSBROS,Kirloskar Brothers Ltd,Industrial Machinery - Pumps,,Nifty Microcap 250 constituent (via web search, Jun 2026)
KSB,KSB Ltd,Industrial Machinery - Pumps,,Nifty Microcap 250 constituent (via web search, Jun 2026)
AETHER,Aether Industries Ltd,Specialty Chemicals,,Nifty Microcap 250 constituent (via web search, Jun 2026)
GRWRHITECH,Garware Hitech Films Ltd,Packaging Films,,Nifty Microcap 250 constituent (via web search, Jun 2026)
APOLLO,Apollo Micro Systems Ltd,Aerospace & Defence Electronics,,Nifty Microcap 250 constituent (via web search, Jun 2026)
